<?xml version="1.0" encoding="UTF-8"?>
<metadata modelVersion="1.1.0">
  <groupId>org.jvnet.staxex</groupId>
  <artifactId>stax-ex</artifactId>
  <versioning>
    <latest>2.0.1</latest>
    <release>2.0.1</release>
    <versions>
      <version>1.0</version>
      <version>1.1</version>
      <version>1.2</version>
      <version>1.3</version>
      <version>1.4</version>
      <version>1.5</version>
      <version>1.6</version>
      <version>1.7</version>
      <version>1.7.1</version>
      <version>1.7.2</version>
      <version>1.7.3</version>
      <version>1.7.4</version>
      <version>1.7.5</version>
      <version>1.7.6</version>
      <version>1.7.7</version>
      <version>1.7.8</version>
      <version>1.8</version>
      <version>1.8.1</version>
      <version>1.8.2</version>
      <version>1.8.3</version>
      <version>2.0.0-M1</version>
      <version>2.0.0-M2</version>
      <version>2.0.0</version>
      <version>2.0.1</version>
    </versions>
    <lastUpdated>20210427112548</lastUpdated>
  </versioning>
</metadata>
